icon	name	href	show
sketching	Drawing	/hobbies/drawing	true
feather	Writing	/hobbies/writing	true
dice-3	Boardgames	/hobbies/boardgames	true
cards	TCGs	/hobbies/tcgs	true
device-gamepad-2	Gaming	/hobbies/gaming	true
book	Reading	/hobbies/reading	true
alphabet-japanese	Japanese	/hobbies/japanese	true
arrow-narrow-up-dashed	Bouldering	/hobbies/bouldering	true
chart-grid-dots	Tinkering	/hobbies/tinkering	true
movie	Movies	/hobbies/movies	true
device-tv	TV	/hobbies/tv	true
-	Collecting	/hobbies/collecting	false
