site	href	username	cta	show_contact	show_about
twitter	https://x.com/mathiassm	@mathiassm	Wanna chat?	yes	yes
linkedin	https://www.linkedin.com/in/mathiassm	mathiassm	Wanna hire?	yes	yes
github	https://github.com/MathiasSM	MathiasSM	Wanna code?	yes	yes
imdb	https://www.imdb.com/user/ur62639773/ratings	mathiassanmiguel	Movie ratings	yes	no
mal	https://myanimelist.net/animelist/mathiassm	mathiassm	My Anime List	yes	no
linktree	https://linktr.ee/mathiassm	mathiassm	All my links	no	no
spotify	https://open.spotify.com/user/31drgy4hk4wbzdlmzsot4xb35ubm	mathiassm	My playlists	no	no
instagram	https://www.instagram.com/mathiassm.dev	mathiassm.dev	Instagram	no	no
twitch	https://www.twitch.tv/mellamocozy	mellamocozy	Twitch	no	no
youtube	https://www.youtube.com/@mathiassm	@mathiassm	YouTube	no	no
